{"cameraMode":{"drawMode":0,"name":"Shaded","section":"Shading Mode"},"sceneLighting":false,"audioPlay":false,"sceneViewState":{"m_AlwaysRefresh":false,"showFog":true,"showSkybox":false,"showFlares":true,"showImageEffects":true,"showParticleSystems":true,"showVisualEffectGraphs":true,"m_FxEnabled":true},"in2DMode":false,"pivot":{"x":5.849651336669922,"y":11.951309204101563,"z":4.327328681945801},"rotation":{"x":-0.37337207794189455,"y":0.026985695585608484,"z":-0.010870277881622315,"w":-0.9272311925888062},"size":27.52165985107422,"orthographic":false}