{"cameraMode":{"drawMode":0,"name":"Shaded","section":"Shading Mode"},"sceneLighting":false,"audioPlay":false,"sceneViewState":{"m_AlwaysRefresh":false,"showFog":true,"showSkybox":false,"showFlares":true,"showImageEffects":true,"showParticleSystems":true,"showVisualEffectGraphs":true,"m_FxEnabled":true},"in2DMode":false,"pivot":{"x":15.515088081359864,"y":20.619415283203126,"z":-22.237316131591798},"rotation":{"x":-0.43857309222221377,"y":0.17645572125911714,"z":-0.08825868368148804,"w":-0.8767881393432617},"size":15.392364501953125,"orthographic":false}